"vocabularyName","value","parent","displayValue","displayValueDescription"
"anzsrcfor","401",,"Atmospheric Sciences (0401)","Group: Atmospheric Sciences (0401),,"
"anzsrcfor","601",,"Biochemistry And Cell Biology (0601)","Group: Biochemistry And Cell Biology (0601),,"
"anzsrcfor","501",,"Ecological Applications (0501)","Group: Ecological Applications (0501),,"
"anzsrcfor","602",,"Ecology (0602)","Group: Ecology (0602),,"
"anzsrcfor","502",,"Environmental Science And Management (0502)","Group: Environmental Science And Management (0502),,"
"anzsrcfor","603",,"Evolutionary Biology (0603)","Group: Evolutionary Biology (0603),,"
"anzsrcfor","604",,"Genetics (0604)","Group: Genetics (0604),,"
"anzsrcfor","402",,"Geochemistry (0402)","Group: Geochemistry (0402),,"
"anzsrcfor","403",,"Geology (0403)","Group: Geology (0403),,"
"anzsrcfor","404",,"Geophysics (0404)","Group: Geophysics (0404),,"
"anzsrcfor","605",,"Microbiology (0605)","Group: Microbiology (0605),,"
"anzsrcfor","None",,"None","None,,"
"anzsrcfor","405",,"Oceanography (0405)","Group: Oceanography (0405),,"
"anzsrcfor","699",,"Other Biological Sciences (0699)","Group: Other Biological Sciences (0699),,"
"anzsrcfor","499",,"Other Earth Sciences (0499)","Group: Other Earth Sciences (0499),,"
"anzsrcfor","599",,"Other Environmental Sciences (0599)","Group: Other Environmental Sciences (0599),,"
"anzsrcfor","406",,"Physical Geography And Environmental Geoscience (0406)","Group: Physical Geography And Environmental Geoscience (0406),,"
"anzsrcfor","606",,"Physiology (0606)","Group: Physiology (0606),,"
"anzsrcfor","607",,"Plant Biology (0607)","Group: Plant Biology (0607),,"
"anzsrcfor","503",,"Soil Sciences (0503)","Group: Soil Sciences (0503),,"
"anzsrcfor","608",,"Zoology (0608)","Group: Zoology (0608),,"
"anzsrcseo","9601",,"Air Quality (9601)","Group: Air Quality (9601),,"
"anzsrcseo","9602",,"Atmosphere And Weather (9602)","Group: Atmosphere And Weather (9602),,"
"anzsrcseo","9603",,"Climate And Climate Change (9603)","Group: Climate And Climate Change (9603),,"
"anzsrcseo","9604",,"Control Of Pests, Diseases And Exotic Species (9604)","Group: Control Of Pests, Diseases And Exotic Species (9604),,"
"anzsrcseo","9605",,"Ecosystem Assessment And Management (9605)","Group: Ecosystem Assessment And Management (9605),,"
"anzsrcseo","9606",,"Environmental And Natural Resource Evaluation (9606)","Group: Environmental And Natural Resource Evaluation (9606),,"
"anzsrcseo","9607",,"Environmental Policy, Legislation And Standards (9607)","Group: Environmental Policy, Legislation And Standards (9607),,"
"anzsrcseo","9608",,"Flora, Fauna And Biodiversity (9608)","Group: Flora, Fauna And Biodiversity (9608),,"
"anzsrcseo","9609",,"Land And Water Management (9609)","Group: Land And Water Management (9609),,"
"anzsrcseo","9610",,"Natural Hazards (9610)","Group: Natural Hazards (9610),,"
"anzsrcseo","None",,"None","None,,"
"anzsrcseo","9699",,"Other Environment (9699)","Group: Other Environment (9699),,"
"anzsrcseo","9611",,"Physical And Chemical Conditions Of Water (9611)","Group: Physical And Chemical Conditions Of Water (9611),,"
"anzsrcseo","9612",,"Rehabilitation Of Degraded Environments (9612)","Group: Rehabilitation Of Degraded Environments (9612),,"
"anzsrcseo","9613",,"Remnant Vegetation And Protected Conservation Areas (9613)","Group: Remnant Vegetation And Protected Conservation Areas (9613),,"
"anzsrcseo","9614",,"Soils (9614)","Group: Soils (9614),,"
"artefacts","Genetic Material",,"Genetic Material","Genetic Material"
"artefacts","DNA","Genetic Material","DNA","DNA"
"artefacts","Image",,"Image","Image,,"
"artefacts","Aerial","Image","Aerial","Aerial,,"
"artefacts","Satellite","Image","Satellite","Satellite,,"
"artefacts","Still","Image","Still","Still,,"
"artefacts","None",,"None","None,,"
"artefacts","Other",,"Other","Other,,"
"artefacts","Recording",,"Recording","Recording,,"
"artefacts","Data Sensors","Recording","Data Sensors","Data Sensors,,"
"artefacts","Sound recording","Recording","Sound Recording","Sound recording,,"
"artefacts","Video","Recording","Video","Video,,"
"artefacts","Specimen",,"Specimen","Specimen,,"
"artefacts","Blood Sample","Specimen","Blood Sample","Blood sample,,"
"artefacts","Plant material","Specimen","Plant Material","Plant material,,"
"artefacts","Soil sample","Specimen","Soil Sample","Soil sample,,"
"artefacts","Tissue Sample","Specimen","Tissue Sample","Tissue sample,,"
"artefacts","Urine/Faecal Sample","Specimen","Urine/Faecal Sample","Urine/Faecal Sample,,"
"artefacts","Water Sample","Specimen","Water Sample","Water sample,,"
"conservationManagement","Agrochemical Management",,"Agrochemical Management","Agrochemical Management"
"conservationManagement","Animal Health",,"Animal Health","Animal Health"
"conservationManagement","Biosecurity",,"Biosecurity","Biosecurity,,"
"conservationManagement","Critical Habitat",,"Critical Habitat","Critical habitat,,"
"conservationManagement","Environmental Water Management",,"Environmental Water Management","Environmental Water Management,,"
"conservationManagement","Fire Management",,"Fire Management","Fire Management,,"
"conservationManagement","Habitat Restoration",,"Habitat Restoration","Habitat Restoration,,"
"conservationManagement","Human Wildlife Interactions",,"Human Wildlife Interactions","Human Wildlife Interactions,,"
"conservationManagement","Landscape-Scale Management",,"Landscape-Scale Management","Landscape-scale Management,,"
"conservationManagement","Market-Based Approaches",,"Market-Based Approaches","Market-based Approaches,,"
"conservationManagement","Migratory Species",,"Migratory Species","Migratory species,,"
"conservationManagement","National Reserve System",,"National Reserve System","National Reserve System,,"
"conservationManagement","None",,"None","None,,"
"conservationManagement","Other",,"Other","Other,,"
"conservationManagement","Special Management Populations",,"Special Management Populations","Special Management Populations,,"
"conservationManagement","Threatened Ecological Communities",,"Threatened Ecological Communities","Threatened Ecological Communities,,"
"conservationManagement","Threatened Species",,"Threatened Species","Threatened Species,,"
"conservationManagement","Translocation/Re-Introduction/Ex Situ Conservation",,"Translocation/Re-Introduction/Ex Situ Conservation","Translocation/Re-introduction/Ex situ conservation,,"
"conservationManagement","Vertebrate/Invertebrate Pest Species Management",,"Vertebrate/Invertebrate Pest Species Management","Vertebrate/Invertebrate Pest Species Management,,"
"conservationManagement","Weed Management",,"Weed Management","Weed Management,,"
"conservationManagement","Wildlife Corridors",,"Wildlife Corridors","Wildlife Corridors,,"
"coordinateReferenceSystem","EPSG:4283",,"GDA94","Lon Lat GDA94 Datum,,"
"coordinateReferenceSystem","EPSG:3577",,"GDA94 - Australian Albers","GDA94 - Australian Albers,,"
"coordinateReferenceSystem","EPSG:3112",,"GDA94 - Lambert","GDA94 - Lambert,,"
"coordinateReferenceSystem","EPSG:28349",,"MGA Zone 49","UTM MGA Zone 49,,"
"coordinateReferenceSystem","EPSG:28350",,"MGA Zone 50","UTM MGA Zone 50,,"
"coordinateReferenceSystem","EPSG:28351",,"MGA Zone 51","UTM MGA Zone 51,,"
"coordinateReferenceSystem","EPSG:28352",,"MGA Zone 52","UTM MGA Zone 52,,"
"coordinateReferenceSystem","EPSG:28353",,"MGA Zone 53","UTM MGA Zone 53,,"
"coordinateReferenceSystem","EPSG:28354",,"MGA Zone 54","UTM MGA Zone 54,,"
"coordinateReferenceSystem","EPSG:28355",,"MGA Zone 55","UTM MGA Zone 55,,"
"coordinateReferenceSystem","EPSG:28356",,"MGA Zone 56","UTM MGA Zone 56,,"
"coordinateReferenceSystem","EPSG:28357",,"MGA Zone 57","UTM MGA Zone 57,,"
"coordinateReferenceSystem","EPSG:28358",,"MGA Zone 58","UTM MGA Zone 58,,"
"coordinateReferenceSystem","EPSG:4326",,"WGS84","Lon Lat WGS84 Datum,,"
"ecologicalTheme","Agroecology",,"Agroecology","Observations on populations of species and communities and ecological processes that operate and influence biota in agricultural production systems.,,"
"ecologicalTheme","Behavioural Ecology",,"Behavioural Ecology","Behavioural ecology is the study of the fitness consequences of behaviour. It combines the study of animal behaviour with evolutionary biology and population ecology, and more recently, physiology and molecular biology. Observations are made on individuals in  such areas as habitat selection, foraging, anti-predator, mating, and parental care strategies; dispersal and migration, sexual selection; cooperation and conflict; communication; spacing and group behaviour; and social organisation.,,"
"ecologicalTheme","Biogeography",,"Biogeography","Observations on a large scale of the spatial distributions of species and ecosystems in relation to climate and soil.,,"
"ecologicalTheme","Bioregional Inventory",,"Bioregional Inventory","The systematic survey of fauna and flora at different locations to identify the composition and distribution on taxa.,,"
"ecologicalTheme","Chemical Ecology",,"Chemical Ecology","Observations made on the origin, function and significance of natural chemicals that mediate interactions with and between organisms (e.g., insect pheromones)..,,"
"ecologicalTheme","Competition/Resource Partitioning",,"Competition/Resource Partitioning","Observations made on populations of two or more species coexisting in and competing for resources in the same habitat.,,"
"ecologicalTheme","Decomposition",,"Decomposition","The study of the process of decaying biomass.,,"
"ecologicalTheme","Disease Ecology",,"Disease Ecology","Observations made on populations, communities and ecosystems studying  the interactions between  Parasitic, bacterial and viral infections, their animal hosts and their environment. ,,"
"ecologicalTheme","Disturbances",,"Disturbances","Observations on environmental disturbances (e.g., changed fire regimes, climate change, invasive species) and their influence on populations, ecological community and ecosystems.,,"
"ecologicalTheme","Ecological Succession",,"Ecological Succession","Observations on the gradual and orderly process of change in species structure of ecological communities of an ecosystem over time.,,"
"ecologicalTheme","Ecophysiology",,"Ecophysiology","Observations on the interrelationship of an organism???s functioning and physiological adaptation to the environment (e.g., temperature extremes). ,,"
"ecologicalTheme","Ecosystem Modelling",,"Ecosystem Modelling","Ecosystem modelling is the practice of applying numerical tools that combine observations of species distributions, species interactions with environmental estimates of ecosystems to understand functional change in ecosystems. ,,"
"ecologicalTheme","Ecotoxicology",,"Ecotoxicology","Observations made on the effects of toxic chemicals on individuals of populations (e.g., stress of agricultural chemicals).,,"
"ecologicalTheme","Evolutionary Ecology",,"Evolutionary Ecology","Observations made on organisms to understand the evolutionary influences on ecological processes or the ecological influence on evolutionary processes (e.g., genetics, behaviour, life histories, mating systems).,,"
"ecologicalTheme","Fire Ecology",,"Fire Ecology","Observations made on fire behaviour, its effects on biota and ecosystems, including predictions about behaviour.,,"
"ecologicalTheme","Functional Ecology",,"Functional Ecology","The study of the roles or functions that species play in the community or ecosystem in which they occur.,,"
"ecologicalTheme","Global Ecology",,"Global Ecology","The study of the interactions among the Earth's species occurrence, ecological communities, functional complexity ecosystems, land, atmosphere and oceans at a whole of globe scale.,,"
"ecologicalTheme","Herbivory",,"Herbivory","The study of animals that feeds chiefly on grass and other plants.,,"
"ecologicalTheme","Landscape Ecology",,"Landscape Ecology","Observations made on many species simultaneously in relation to their environment with a focus on spatial patterns and processes related to them. ,,"
"ecologicalTheme","Long-Term Community Monitoring",,"Long-Term Community Monitoring","The systematic study of communities over long time frames.,,"
"ecologicalTheme","Long-Term Species Monitoring",,"Long-Term Species Monitoring","Observations made on populations of species where the focus is the study of trends in populations and ecological processes over long temporal scales.  L,,"
"ecologicalTheme","Macroecology",,"Macroecology","The study of relationships between organisms and their environment at large spatial scales to characterise and explain statistical patterns of abundance, distribution and diversity.,,"
"ecologicalTheme","Molecular Ecology",,"Molecular Ecology","Observations on organisms using molecular genetic approaches that investigate the interactions among species (including difficult to culture microbes), the genetics and evolution of ecologically important traits, the relatedness among individuals and (based on this information) their dispersal and behaviour, the movement of individuals across landscapes, the formation of new species and the consequences of hybridization between divergent lineages..,,"
"ecologicalTheme","None",,"None","None,,"
"ecologicalTheme","Other",,"Other","Other,,"
"ecologicalTheme","Paleoecology",,"Paleoecology","The study of fossil organisms and their associated remains, including their life cycle, living interactions, natural environment, and manner of death and burial to reconstruct the paleoenvironment.,,"
"ecologicalTheme","Pollination",,"Pollination","The study of the distribution of pollen (wind-born or transported by animals) and the efficiency of pollen fertilisation.,,"
"ecologicalTheme","Population Dynamics",,"Population Dynamics","Observations made on the abundance, distribution and growth of a group of individuals of a single species living and interacting in the same area, including predictions of population shifts.,,"
"ecologicalTheme","Predator-Prey Interactions",,"Predator-Prey Interactions","Observation made on the interaction of populations of predator(s) on prey species populations. ,,"
"ecologicalTheme","Productivity",,"Productivity","The study of the generation of biomass in an ecosystem.,,"
"ecologicalTheme","Restoration Ecology",,"Restoration Ecology","The study of renewing and restoring degraded, damaged, or destroyed ecosystems and habitats in the environment by active human intervention and action.,,"
"ecologicalTheme","Soil Ecology",,"Soil Ecology","The study of the interactions among soil organisms, and between biotic and abiotic aspects of the soil environment.,,"
"ecologicalTheme","Species Decline",,"Species Decline","Observations are made on the critical decline and/or disappearance of populations of a species  A specialised research area of population ecology.,,"
"ecologicalTheme","Species Distribution Modelling",,"Species Distribution Modelling","Species distribution modelling is the practice of applying numerical tools that combine observations of species occurrence or abundance with environmental estimates. They are used to gain ecological and evolutionary insights and to predict distributions across landscapes in space and time. ,,"
"ecologicalTheme","Symbyotic Interactions",,"Symbyotic Interactions","The study of the relation between two different kinds of organisms in which one receives benefits from the other by causing damage to it (usually not fatal damage _ mutualism, commensulaism, parasitism).,,"
"ecologicalTheme","Urban Ecology",,"Urban Ecology","The study of the relation of living organisms with each other and their surroundings in the context of built-up human environments.,,"
"ecologicalTheme_1","Agroecology",,"Agroecology","Observations on populations of species and communities and ecological processes that operate and influence biota in agricultural production systems.,,"
"ecologicalTheme_1","Behavioural Ecology",,"Behavioural Ecology","Behavioural ecology is the study of the fitness consequences of behaviour. It combines the study of animal behaviour with evolutionary biology and population ecology, and more recently, physiology and molecular biology. Observations are made on individuals in  such areas as habitat selection, foraging, anti-predator, mating, and parental care strategies; dispersal and migration, sexual selection; cooperation and conflict; communication; spacing and group behaviour; and social organisation.,,"
"ecologicalTheme_1","Biodiversity Inventory",,"Biodiversity Inventory","The systematic survey of fauna and flora at different locations to identify the composition and distribution on taxa.,,"
"ecologicalTheme_1","Species Composition","Biodiversity Inventory","Species Composition",
"ecologicalTheme_1","Structural Assemblage","Biodiversity Inventory","Structural Assemblage",
"ecologicalTheme_1","Biogeography",,"Biogeography","Observations on a large scale of the spatial distributions of species and ecosystems in relation to climate and soil.,,"
"ecologicalTheme_1","Chemical Ecology",,"Chemical Ecology","Observations made on the origin, function and significance of natural chemicals that mediate interactions with and between organisms (e.g., insect pheromones)..,,"
"ecologicalTheme_1","Competition/Resource Partitioning",,"Competition/Resource Partitioning","Observations made on populations of two or more species coexisting in and competing for resources in the same habitat.,,"
"ecologicalTheme_1","Decomposition",,"Decomposition","The study of the process of decaying biomass.,,"
"ecologicalTheme_1","Disease Ecology",,"Disease Ecology","Observations made on populations, communities and ecosystems studying  the interactions between  Parasitic, bacterial and viral infections, their animal hosts and their environment. ,,"
"ecologicalTheme_1","Disturbances",,"Disturbances","Observations on environmental disturbances (e.g., changed fire regimes, climate change, invasive species) and their influence on populations, ecological community and ecosystems.,,"
"ecologicalTheme_1","Ecological Succession",,"Ecological Succession","Observations on the gradual and orderly process of change in species structure of ecological communities of an ecosystem over time.,,"
"ecologicalTheme_1","Ecophysiology",,"Ecophysiology","Observations on the interrelationship of an organism??_s functioning and physiological adaptation to the environment (e.g., temperature extremes). ,,"
"ecologicalTheme_1","Ecosystem Modelling",,"Ecosystem Modelling","Ecosystem modelling is the practice of applying numerical tools that combine observations of species distributions, species interactions with environmental estimates of ecosystems to understand functional change in ecosystems. ,,"
"ecologicalTheme_1","Ecotoxicology",,"Ecotoxicology","Observations made on the effects of toxic chemicals on individuals of populations (e.g., stress of agricultural chemicals).,,"
"ecologicalTheme_1","Evolutionary Ecology",,"Evolutionary Ecology","Observations made on organisms to understand the evolutionary influences on ecological processes or the ecological influence on evolutionary processes (e.g., genetics, behaviour, life histories, mating systems).,,"
"ecologicalTheme_1","Fire Ecology",,"Fire Ecology","Observations made on fire behaviour, its effects on biota and ecosystems, including predictions about behaviour.,,"
"ecologicalTheme_1","Functional Ecology",,"Functional Ecology","The study of the roles or functions that species play in the community or ecosystem in which they occur.,,"
"ecologicalTheme_1","Global Ecology",,"Global Ecology","The study of the interactions among the Earth's species occurrence, ecological communities, functional complexity ecosystems, land, atmosphere and oceans at a whole of globe scale.,,"
"ecologicalTheme_1","Herbivory",,"Herbivory","The study of animals that feeds chiefly on grass and other plants.,,"
"ecologicalTheme_1","Landscape Ecology",,"Landscape Ecology","Observations made on many species simultaneously in relation to their environment with a focus on spatial patterns and processes related to them. ,,"
"ecologicalTheme_1","Long-Term Community Monitoring",,"Long-Term Community Monitoring","The systematic study of communities over long time frames.,,"
"ecologicalTheme_1","Long-Term Species Monitoring",,"Long-Term Species Monitoring","Observations made on populations of species where the focus is the study of trends in populations and ecological processes over long temporal scales.  L,,"
"ecologicalTheme_1","Macroecology",,"Macroecology","The study of relationships between organisms and their environment at large spatial scales to characterise and explain statistical patterns of abundance, distribution and diversity.,,"
"ecologicalTheme_1","Molecular Ecology",,"Molecular Ecology","Observations on organisms using molecular genetic approaches that investigate the interactions among species (including difficult to culture microbes), the genetics and evolution of ecologically important traits, the relatedness among individuals and (based on this information) their dispersal and behaviour, the movement of individuals across landscapes, the formation of new species and the consequences of hybridization between divergent lineages..,,"
"ecologicalTheme_1","None",,"None","None,,"
"ecologicalTheme_1","Other",,"Other","Other,,"
"ecologicalTheme_1","Paleoecology",,"Paleoecology","The study of fossil organisms and their associated remains, including their life cycle, living interactions, natural environment, and manner of death and burial to reconstruct the paleoenvironment.,,"
"ecologicalTheme_1","Pollination",,"Pollination","The study of the distribution of pollen (wind-born or transported by animals) and the efficiency of pollen fertilisation.,,"
"ecologicalTheme_1","Population Dynamics",,"Population Dynamics","Observations made on the abundance, distribution and growth of a group of individuals of a single species living and interacting in the same area, including predictions of population shifts.,,"
"ecologicalTheme_1","Predator-Prey Interactions",,"Predator-Prey Interactions","Observation made on the interaction of populations of predator(s) on prey species populations. ,,"
"ecologicalTheme_1","Productivity",,"Productivity","The study of the generation of biomass in an ecosystem.,,"
"ecologicalTheme_1","Restoration Ecology",,"Restoration Ecology","The study of renewing and restoring degraded, damaged, or destroyed ecosystems and habitats in the environment by active human intervention and action.,,"
"ecologicalTheme_1","Soil Ecology",,"Soil Ecology","The study of the interactions among soil organisms, and between biotic and abiotic aspects of the soil environment.,,"
"ecologicalTheme_1","Species Decline",,"Species Decline","Observations are made on the critical decline and/or disappearance of populations of a species  A specialised research area of population ecology.,,"
"ecologicalTheme_1","Species Distribution Modelling",,"Species Distribution Modelling","Species distribution modelling is the practice of applying numerical tools that combine observations of species occurrence or abundance with environmental estimates. They are used to gain ecological and evolutionary insights and to predict distributions across landscapes in space and time. ,,"
"ecologicalTheme_1","Symbyotic Interactions",,"Symbyotic Interactions","The study of the relation between two different kinds of organisms in which one receives benefits from the other by causing damage to it (usually not fatal damage _ mutualism, commensulaism, parasitism).,,"
"ecologicalTheme_1","Urban Ecology",,"Urban Ecology","The study of the relation of living organisms with each other and their surroundings in the context of built-up human environments.,,"
"environmentalFeatures","Climate",,"Climate","Climate,,"
"environmentalFeatures","Humidity","Climate","Humidity","Humidity,,"
"environmentalFeatures","Light Measurements","Climate","Light Measurements","Light measurements,,"
"environmentalFeatures","Microclimate","Climate","Microclimate","Microclimate,,"
"environmentalFeatures","Rainfall","Climate","Rainfall","Rainfall,,"
"environmentalFeatures","Temperature","Climate","Temperature","Temperature,,"
"environmentalFeatures","Disturbance",,"Disturbance","Disturbance,,"
"environmentalFeatures","Biotic Disturbance","Disturbance","Biotic Disturbance","Biotic disturbance,,"
"environmentalFeatures","Disease","Disturbance","Disease","Disease,,"
"environmentalFeatures","Fire","Disturbance","Fire","Fire,,"
"environmentalFeatures","Mass Movement","Disturbance","Mass Movement","Mass movement,,"
"environmentalFeatures","Water Erosion","Disturbance","Water Erosion","Water erosion,,"
"environmentalFeatures","Wind Erosion","Disturbance","Wind Erosion","Wind erosion,,"
"environmentalFeatures","Geology/Lithology",,"Geology/Lithology","Geology/Lithology,,"
"environmentalFeatures","Bedrock Lithology","Geology/Lithology","Bedrock Lithology","Bedrock Lithology,,"
"environmentalFeatures","Geological Unit","Geology/Lithology","Geological Unit","Geological Unit,,"
"environmentalFeatures","Surface Lithology","Geology/Lithology","Surface Lithology","Surface Lithology,,"
"environmentalFeatures","Landscape Type",,"Landscape Type","Landscape Type,,"
"environmentalFeatures","Deserts","Landscape Type","Deserts","Deserts,,"
"environmentalFeatures","Drainage","Landscape Type","Drainage","Drainage,,"
"environmentalFeatures","Dune Systems","Landscape Type","Dune Systems","Dune Systems,,"
"environmentalFeatures","Floodplains","Landscape Type","Floodplains","Floodplains,,"
"environmentalFeatures","Islands","Landscape Type","Islands","Islands,,"
"environmentalFeatures","Mountains","Landscape Type","Mountains","Mountains,,"
"environmentalFeatures","Significant Rock Features","Landscape Type","Significant Rock Features","Significant Rock Features,,"
"environmentalFeatures","Waterfalls","Landscape Type","Waterfalls","Waterfalls,,"
"environmentalFeatures","Land Use",,"Land Use","Land Use,,"
"environmentalFeatures","Forests","Land Use","Forests","Forests,,"
"environmentalFeatures","Carbon Forestry","Forests","Carbon Forestry","Carbon Forestry,,"
"environmentalFeatures","Forest Management","Forests","Forest Management","Forest Management,,"
"environmentalFeatures","Old Growth Forests","Forests","Old Growth Forests","Old Growth Forests,,"
"environmentalFeatures","Tree Hollows","Forests","Tree Hollows","Tree Hollows,,"
"environmentalFeatures","Inland Waters","Land Use","Inland Waters","Inland Waters,,"
"environmentalFeatures","Environmental Flows","Inland Waters","Environmental Flows","Environmental flows,,"
"environmentalFeatures","Estuarine","Inland Waters","Estuarine","Estuarine,,"
"environmentalFeatures","Riverine","Inland Waters","Riverine","Riverine,,"
"environmentalFeatures","Stream/Wetland Condition","Inland Waters","Stream/Wetland Condition","Stream/Wetland Condition,,"
"environmentalFeatures","Drainage Systems","Stream/Wetland Condition","Drainage Systems","Drainage Systems,,"
"environmentalFeatures","Feral Animals","Stream/Wetland Condition","Feral Animals","Feral Animals,,"
"environmentalFeatures","Surface Water","Inland Waters","Surface Water","Surface Water,,"
"environmentalFeatures","Waterholes","Inland Waters","Waterholes","Waterholes,,"
"environmentalFeatures","Water Quality","Inland Waters","Water Quality","Water quality,,"
"environmentalFeatures","Wetlands","Inland Waters","Wetlands","Wetlands,,"
"environmentalFeatures","Intensive Agricultural Land","Land Use","Intensive Agricultural Land","Intensive Agricultural Land,,"
"environmentalFeatures","Farming System","Intensive Agricultural Land","Farming System","Farming System,,"
"environmentalFeatures","Habitat Alteration","Intensive Agricultural Land","Habitat Alteration","Habitat alteration,,"
"environmentalFeatures","Habitat Connectivity","Intensive Agricultural Land","Habitat Connectivity","Habitat Connectivity,,"
"environmentalFeatures","Invasive Species","Intensive Agricultural Land","Invasive Species","Invasive species,,"
"environmentalFeatures","Native Remnants","Intensive Agricultural Land","Native Remnants","Native Remnants,,"
"environmentalFeatures","Pest Management","Intensive Agricultural Land","Pest Management","Pest management,,"
"environmentalFeatures","Revegetation","Intensive Agricultural Land","Revegetation","Revegetation,,"
"environmentalFeatures","Roadside Vegetation","Intensive Agricultural Land","Roadside Vegetation","Roadside Vegetation,,"
"environmentalFeatures","Weed Management","Intensive Agricultural Land","Weed Management","Weed management,,"
"environmentalFeatures","Rangelands","Land Use","Rangelands","Rangelands,,"
"environmentalFeatures","Grazing Land Management","Rangelands","Grazing Land Management","Grazing Land Management,,"
"environmentalFeatures","Groundwater","Rangelands","Groundwater","Groundwater,,"
"environmentalFeatures","Groundwater","Rangelands","Groundwater","Groundwater,,"
"environmentalFeatures","Invasive Grasses","Rangelands","Invasive Grasses","Invasive Grasses,,"
"environmentalFeatures","Waterpoints","Rangelands","Waterpoints","Waterpoints,,"
"environmentalFeatures","Wildlife Harvesting","Rangelands","Wildlife Harvesting","Wildlife Harvesting,,"
"environmentalFeatures","Native Vegetation",,"Native Vegetation","Native Vegetation,,"
"environmentalFeatures","Acacia Forests and Woodlands ","Native Vegetation","Acacia Forests and Woodlands ","Acacia Forests and Woodlands ,,"
"environmentalFeatures","Acacia Open Woodlands ","Native Vegetation","Acacia Open Woodlands ","Acacia Open Woodlands ,,"
"environmentalFeatures","Acacia Shrublands ","Native Vegetation","Acacia Shrublands ","Acacia Shrublands ,,"
"environmentalFeatures","Callitris Forests and Woodlands ","Native Vegetation","Callitris Forests and Woodlands ","Callitris Forests and Woodlands ,,"
"environmentalFeatures","Casuarina Forests and Woodlands ","Native Vegetation","Casuarina Forests and Woodlands ","Casuarina Forests and Woodlands ,,"
"environmentalFeatures","Chenopod Shrublands, Samphire Shrublands And Forblands ","Native Vegetation","Chenopod Shrublands, Samphire Shrublands And Forblands ","Chenopod Shrublands, Samphire Shrublands and Forblands ,,"
"environmentalFeatures","Coastal (Mangroves, Estuaries, Dune Systems)","Native Vegetation","Coastal (Mangroves, Estuaries, Dune Systems)","Coastal (mongroves, estuaries, dune systems),,"
"environmentalFeatures","Eucalypt Low Open Forests ","Native Vegetation","Eucalypt Low Open Forests ","Eucalypt Low Open Forests ,,"
"environmentalFeatures","Eucalypt Open Forests ","Native Vegetation","Eucalypt Open Forests ","Eucalypt Open Forests ,,"
"environmentalFeatures","Eucalypt Open Woodlands ","Native Vegetation","Eucalypt Open Woodlands ","Eucalypt Open Woodlands ,,"
"environmentalFeatures","Eucalypt Tall Open Forests ","Native Vegetation","Eucalypt Tall Open Forests ","Eucalypt Tall Open Forests ,,"
"environmentalFeatures","Eucalypt Woodlands ","Native Vegetation","Eucalypt Woodlands ","Eucalypt Woodlands ,,"
"environmentalFeatures","Heathlands ","Native Vegetation","Heathlands ","Heathlands ,,"
"environmentalFeatures","Hummock Grasslands ","Native Vegetation","Hummock Grasslands ","Hummock Grasslands ,,"
"environmentalFeatures","Inland Aquatic - Freshwater, Salt Lakes, Lagoons ","Native Vegetation","Inland Aquatic - Freshwater, Salt Lakes, Lagoons ","Inland aquatic - freshwater, salt lakes, lagoons ,,"
"environmentalFeatures","Low Closed Forests and Tall Closed Shrublands ","Native Vegetation","Low Closed Forests And Tall Closed Shrublands ","Low Closed Forests and Tall Closed Shrublands ,,"
"environmentalFeatures","Mallee Open Woodlands and Sparse Mallee Shrublands ","Native Vegetation","Mallee Open Woodlands And Sparse Mallee Shrublands ","Mallee Open Woodlands and Sparse Mallee Shrublands ,,"
"environmentalFeatures","Mallee Woodlands and Shrublands ","Native Vegetation","Mallee Woodlands And Shrublands ","Mallee Woodlands and Shrublands ,,"
"environmentalFeatures","Melaleuca Forests and Woodlands ","Native Vegetation","Melaleuca Forests and Woodlands ","Melaleuca Forests and Woodlands ,,"
"environmentalFeatures","Other Forests and Woodlands ","Native Vegetation","Other Forests and Woodlands ","Other Forests and Woodlands ,,"
"environmentalFeatures","Other Grasslands, Herblands, Sedgelands And Rushlands ","Native Vegetation","Other Grasslands, Herblands, Sedgelands And Rushlands ","Other Grasslands, Herblands, Sedgelands and Rushlands ,,"
"environmentalFeatures","Other Open Woodlands ","Native Vegetation","Other Open Woodlands ","Other Open Woodlands ,,"
"environmentalFeatures","Other Shrublands ","Native Vegetation","Other Shrublands ","Other Shrublands ,,"
"environmentalFeatures","Rainforests and Vine Thickets ","Native Vegetation","Rainforests and Vine Thickets ","Rainforests and Vine Thickets ,,"
"environmentalFeatures","Regrowth, Modified Native Vegetation ","Native Vegetation","Regrowth, Modified Native Vegetation ","Regrowth, modified native vegetation ,,"
"environmentalFeatures","Sea","Native Vegetation","Sea","Sea,,"
"environmentalFeatures","Tropical Eucalypt Woodlands/Grasslands ","Native Vegetation","Tropical Eucalypt Woodlands/Grasslands ","Tropical Eucalypt Woodlands/Grasslands ,,"
"environmentalFeatures","Tussock Grasslands ","Native Vegetation","Tussock Grasslands ","Tussock Grasslands ,,"
"environmentalFeatures","None",,"None","None,,"
"environmentalFeatures","Other",,"Other","Other,,"
"environmentalFeatures","Soil",,"Soil","Soil,,"
"environmentalFeatures","Biochar","Soil","Biochar","Biochar,,"
"environmentalFeatures","Carbon Dynamics","Soil","Carbon Dynamics","Carbon Dynamics,,"
"environmentalFeatures","Invertebrates","Soil","Invertebrates","Invertebrates,,"
"environmentalFeatures","Mineralisation","Soil","Mineralisation","Mineralisation,,"
"environmentalFeatures","Moisture","Soil","Moisture","Moisture,,"
"environmentalFeatures","Nitrogen","Soil","Nitrogen","Nitrogen,,"
"environmentalFeatures","Nutrients/Chemistry","Soil","Nutrients/Chemistry","Nutrients/Chemistry,,"
"environmentalFeatures","pH","Soil","pH","pH,,"
"environmentalFeatures","Phosphorus","Soil","Phosphorus","Phosphorus,,"
"environmentalFeatures","Profile","Soil","Profile","Profile,,"
"environmentalFeatures","Salinity","Soil","Salinity","Salinity,,"
"environmentalFeatures","Texture","Soil","Texture","Texture,,"
"environmentalFeatures","Topography",,"Topography","Topography,,"
"environmentalFeatures","Altitude","Topography","Altitude","Altitude,,"
"environmentalFeatures","Aspect","Topography","Aspect","Aspect,,"
"environmentalFeatures","Slope","Topography","Slope","Slope,,"
"environmentalFeatures","Topographic Position","Topography","Topographic Position","Topographic position,,"
"environmentalFeatures","Vegetation Structure",,"Vegetation Structure","Vegetation Structure,,"
"environmentalFeatures","Ground Cover","Vegetation Structure","Ground Cover","Ground cover,,"
"environmentalFeatures","Shrubs","Vegetation Structure","Shrubs","Shrubs,,"
"environmentalFeatures","Trees","Vegetation Structure","Trees","Trees,,"
"faunaGroup","Birds",,"Birds","Birds,,"
"faunaGroup","Birds of Prey","Birds","Birds Of Prey","Birds of Prey,,"
"faunaGroup","Bush Birds","Birds","Bush Birds","Bush Birds,,"
"faunaGroup","Apostlebird, Chough","Bush Birds","Apostlebird, Chough","Apostlebird, Chough,,"
"faunaGroup","Australian Robins","Bush Birds","Australian Robins","Australian Robins,,"
"faunaGroup","Black-Capped Honeyeaters","Bush Birds","Black-Capped Honeyeaters","Black-capped Honeyeaters,,"
"faunaGroup","Bristlebirds, Sandstone Warblers, Scrubtit, Scrubwrens, Fern Wren, Redthroat","Bush Birds","Bristlebirds, Sandstone Warblers, Scrubtit, Scrubwrens, Fern Wren, Redthroat","Bristlebirds,Sandstone Warblers, Scrubtit, Scrubwrens, Fern Wren, Redthroat,,"
"faunaGroup","Bulbul, Shrike-Tit, Crested Bellbird","Bush Birds","Bulbul, Shrike-Tit, Crested Bellbird","Bulbul, Shrike-tit, Crested Bellbird,,"
"faunaGroup","Catbirds, Bowerbirds","Bush Birds","Catbirds, Bowerbirds","Catbirds, Bowerbirds,,"
"faunaGroup","Chats","Bush Birds","Chats","Chats,,"
"faunaGroup","Cisticolas, Artic Warbler","Bush Birds","Cisticolas, Artic Warbler","Cisticolas, Artic Warbler,,"
"faunaGroup","Cuckoo-Shrikes, Cicadabird, Trillers","Bush Birds","Cuckoo-Shrikes, Cicadabird, Trillers","Cuccko-shrikes, Cicadabird, Trillers,,"
"faunaGroup","Fairy Wrens, Emu-Wrens, Grasswrens","Bush Birds","Fairy Wrens, Emu-Wrens, Grasswrens","Fairy Wrens, Emu-Wrens, Grasswrens,,"
"faunaGroup","Gerygones","Bush Birds","Gerygones","Gerygones,,"
"faunaGroup","Grassfinches, Firetails, Mannikins","Bush Birds","Grassfinches, Firetails, Mannikins","Grassfinches, Firetails, Mannikins,,"
"faunaGroup","Heathwrens, Fieldwrens, Speckled Warbler","Bush Birds","Heathwrens, Fieldwrens, Speckled Warbler","Heathwrens, Fieldwrens, Speckled Warbler,,"
"faunaGroup","Long-Billed Honeyeaters","Bush Birds","Long-Billed Honeyeaters","Long-billed Honeyeaters,,"
"faunaGroup","Monarchs, Other Flycatchers, Willie Wagtail, Fantails","Bush Birds","Monarchs, Other Flycatchers, Willie Wagtail, Fantails","Monarchs, other Flycathers, Willie Wagtail, Fantails,,"
"faunaGroup","Motacillid Wagtails","Bush Birds","Motacillid Wagtails","Motacillid Wagtails,,"
"faunaGroup","Old World Finches, Sparrows","Bush Birds","Old World Finches, Sparrows","Old World Finches, Sparrows,,"
"faunaGroup","Orioles, Figbird","Bush Birds","Orioles, Figbird","Orioles, Figbird,,"
"faunaGroup","Pardalotes","Bush Birds","Pardalotes","Pardalotes,,"
"faunaGroup","Pipits, Bushlark, Skylark","Bush Birds","Pipits, Bushlark, Skylark","Pipits, Bushlark, Skylark,,"
"faunaGroup","Pittas, Lyrebirds, Scrub-Birds","Bush Birds","Pittas, Lyrebirds, Scrub-Birds","Pittas,Lyrebirds, Scrub-Birds,,"
"faunaGroup","Ravens, Crows","Bush Birds","Ravens, Crows","Ravens, Crows,,"
"faunaGroup","Reed-Warblers, Grassbirds, Spinifexbird, Songlarks","Bush Birds","Reed-Warblers, Grassbirds, Spinifexbird, Songlarks","Reed-Warblers, Grassbirds, Spinifexbird, Songlarks,,"
"faunaGroup","Riflebirds, Manucode, Drongo","Bush Birds","Riflebirds, Manucode, Drongo","Riflebirds, Manucode, Drongo,,"
"faunaGroup","Scrub-Robins, Logrunners, Babblers, Whipbirds, Wedgebills","Bush Birds","Scrub-Robins, Logrunners, Babblers, Whipbirds, Wedgebills","Scrub-robins, Logrunners, Babblers, Whipbirds, Wedgebills,,"
"faunaGroup","Small Flycatchers, Boatbill","Bush Birds","Small Flycatchers, Boatbill","Small Flycatchers, Boatbill,,"
"faunaGroup","Sunbird, Mistletoebird","Bush Birds","Sunbird, Mistletoebird","Sunbird, Mistletoebird,,"
"faunaGroup","Swallows, Martins","Bush Birds","Swallows, Martins","Swallows, Martins,,"
"faunaGroup","Thornbills, Weebill, Whitefaces","Bush Birds","Thornbills, Weebill, Whitefaces","Thornbills, Weebill,Whitefaces,,"
"faunaGroup","Thrushes, Common Blackbird, Starlings, Common Myna","Bush Birds","Thrushes, Common Blackbird, Starlings, Common Myna","Thrushes, Common Blackbird, Starlings, Common Myna,,"
"faunaGroup","Treecreepers","Bush Birds","Treecreepers","Treecreepers,,"
"faunaGroup","Typical Honeyeaters","Bush Birds","Typical Honeyeaters","Typical Honeyeaters,,"
"faunaGroup","Varied Sitella","Bush Birds","Varied Sitella","Varied Sitella,,"
"faunaGroup","Wattlebirds, Friarbirds, Larger Honeyeaters, Miners","Bush Birds","Wattlebirds, Friarbirds, Larger Honeyeaters, Miners","Wattlebirds, Friarbirds, larger Honeyeaters, Miners,,"
"faunaGroup","Whipbirds, Wedgebills, Quali-Thrushes","Bush Birds","Whipbirds, Wedgebills, Quali-Thrushes","Whipbirds, Wedgebills, Quali-thrushes,,"
"faunaGroup","Whistlers, Shrike-Thrushes","Bush Birds","Whistlers, Shrike-Thrushes","Whistlers, Shrike-thrushes,,"
"faunaGroup","White-Eyes, Silvereye","Bush Birds","White-Eyes, Silvereye","White-eyes, Silvereye,,"
"faunaGroup","Woodswallows, Butcherbirds, Magpie-Lark, Magpie, Currawongs","Bush Birds","Woodswallows, Butcherbirds, Magpie-Lark, Magpie, Currawongs","Woodswallows, Butcherbirds, Magpie-lark, Magpie, Currawongs,,"
"faunaGroup","Nightbirds","Birds","Nightbirds","Nightbirds,,"
"faunaGroup","Parrots","Birds","Parrots","Parrots,,"
"faunaGroup","Pigeons, Doves","Birds","Pigeons, Doves","Pigeons, Doves,,"
"faunaGroup","Seabirds","Birds","Seabirds","Seabirds,,"
"faunaGroup","Waterbirds","Birds","Waterbirds","Waterbirds,,"
"faunaGroup","Freshwater Fish ",,"Freshwater Fish ","Freshwater Fish ,,"
"faunaGroup","Frogs",,"Frogs","Frogs,,"
"faunaGroup","Ground Frogs","Frogs","Ground Frogs","Ground Frogs,,"
"faunaGroup","Microhylids","Frogs","Microhylids","Microhylids,,"
"faunaGroup","Stream Frogs","Frogs","Stream Frogs","Stream Frogs,,"
"faunaGroup","Tree Frogs","Frogs","Tree Frogs","Tree Frogs,,"
"faunaGroup","Invertebrates",,"Invertebrates","Invertebrates,,"
"faunaGroup","Centipedes/Millipedes","Invertebrates","Centipedes/Millipedes","Centipedes/Millipedes,,"
"faunaGroup","Crabs, Shrimps ,Crayfish, Woodlice","Invertebrates","Crabs, Shrimps ,Crayfish, Woodlice","Crabs, Shrimps ,Crayfish, Woodlice,,"
"faunaGroup","Gastropods - Snails, Slugs","Invertebrates","Gastropods - Snails, Slugs","Gastropods - Snails, Slugs,,"
"faunaGroup","Insects","Invertebrates","Insects","Insects,,"
"faunaGroup","Apterygota","Insects","Apterygota","Apterygota,,"
"faunaGroup","Endopterygota - Ants, Bees, Beetles, Butterflies, Flies, Fleas etc","Insects","Endopterygota - Ants, Bees, Beetles, Butterflies, Flies, Fleas etc","Endopterygota - Ants, Bees, Beetles, Butterflies, Flies, Fleas etc,,"
"faunaGroup","Exopterygota - Cockroaches, Grasshoppers, Lice, Locusts, Stick Insects, Termites etc ","Insects","Exopterygota - Cockroaches, Grasshoppers, Lice, Locusts, Stick Insects, Termites etc ","Exopterygota - Cockroaches, Grasshoppers, Lice, Locusts, Stick Insects, Termites etc ,,"
"faunaGroup","Odonata - Dragonflies, Mayflies","Insects","Odonata - Dragonflies, Mayflies","Odonata - Dragonflies, Mayflies,,"
"faunaGroup","Molluscs","Invertebrates","Molluscs","Molluscs,,"
"faunaGroup","Spiders","Invertebrates","Spiders","Spiders,,"
"faunaGroup","Modern Spiders","Spiders","Modern Spiders","Modern Spiders,,"
"faunaGroup","Primitive Spiders","Spiders","Primitive Spiders","Primitive Spiders,,"
"faunaGroup","Worms","Invertebrates","Worms","Worms,,"
"faunaGroup","Zooplankton","Invertebrates","Zooplankton","Zooplankton,,"
"faunaGroup","Mammals",,"Mammals","Mammals,,"
"faunaGroup","Introduced Species","Mammals","Introduced Species","Introduced Species,,"
"faunaGroup","Brumbys","Introduced Species","Brumbys","Brumbys,,"
"faunaGroup","Buffalo","Introduced Species","Buffalo","Buffalo,,`"
"faunaGroup","Camels","Introduced Species","Camels","Camels,,"
"faunaGroup","Deer","Introduced Species","Deer","Deer,,"
"faunaGroup","Dingoes","Introduced Species","Dingoes","Dingoes,,"
"faunaGroup","Donkeys","Introduced Species","Donkeys","Donkeys,,"
"faunaGroup","Feral Cats","Introduced Species","Feral Cats","Feral Cats,,"
"faunaGroup","Feral Dogs","Introduced Species","Feral Dogs","Feral Dogs,,"
"faunaGroup","Feral Goats","Introduced Species","Feral Goats","Feral Goats,,"
"faunaGroup","Feral Pigs","Introduced Species","Feral Pigs","Feral Pigs,,"
"faunaGroup","Foxes","Introduced Species","Foxes","Foxes,,"
"faunaGroup","Freshwater Fish","Introduced Species","Freshwater Fish","Freshwater Fish,,"
"faunaGroup","Invasive Birds","Introduced Species","Invasive Birds","Invasive Birds,,"
"faunaGroup","Rabbits, Hares","Introduced Species","Rabbits, Hares","Rabbits, Hares,,"
"faunaGroup","Rats, Mice","Introduced Species","Rats, Mice","Rats, Mice,,"
"faunaGroup","Marsupials","Mammals","Marsupials","Marsupials,,"
"faunaGroup","Bandicoots","Marsupials","Bandicoots","Bandicoots,,"
"faunaGroup","Dasyuridae","Marsupials","Dasyuridae","Dasyuridae,,"
"faunaGroup","Gliders, Ringtails","Marsupials","Gliders, Ringtails","Gliders, Ringtails,,"
"faunaGroup","Kangaroo's, Wallabies","Marsupials","Kangaroo's, Wallabies","Kangaroo's, Wallabies,,"
"faunaGroup","Koalas","Marsupials","Koalas","Koalas,,"
"faunaGroup","Marsupial Moles","Marsupials","Marsupial Moles","Marsupial Moles,,"
"faunaGroup","Possums","Marsupials","Possums","Possums,,"
"faunaGroup","Wombats","Marsupials","Wombats","Wombats,,"
"faunaGroup","Monotremes","Mammals","Monotremes","Monotremes,,"
"faunaGroup","Echidna","Monotremes","Echidna","Echidna,,"
"faunaGroup","Platypus","Monotremes","Platypus","Platypus,,"
"faunaGroup","Placentals","Mammals","Placentals","Placentals,,"
"faunaGroup","Native Bats","Placentals","Native Bats","Native Bats,,"
"faunaGroup","Native Rodents","Placentals","Native Rodents","Native Rodents,,"
"faunaGroup","Other",,"Other","Other,,"
"faunaGroup","Reptiles",,"Reptiles","Reptiles,,"
"faunaGroup","Crocodiles","Reptiles","Crocodiles","Crocodiles,,"
"faunaGroup","Lizards","Reptiles","Lizards","Lizards,,"
"faunaGroup","Snakes","Reptiles","Snakes","Snakes,,"
"faunaGroup","Turtles","Reptiles","Turtles","Turtles,,"
"faunaTechnique","Area Sampling ",,"Area Sampling ","Area sampling ,,"
"faunaTechnique","Behaviour",,"Behaviour","Behaviour,,"
"faunaTechnique","Call Playback",,"Call Playback","Call Playback,,"
"faunaTechnique","Clam Rake",,"Clam Rake","Clam Rake,,"
"faunaTechnique","Distance Sampling",,"Distance Sampling","Distance Sampling,,"
"faunaTechnique","Electroshocking",,"Electroshocking","Electroshocking,,"
"faunaTechnique","Grab Sampling",,"Grab Sampling","Grab Sampling,,"
"faunaTechnique","Hair/Track/Dung Sampling",,"Hair/Track/Dung Sampling","Hair/Track/Dung Sampling,,"
"faunaTechnique","Marking/Tagging",,"Marking/Tagging","Marking/Tagging,,"
"faunaTechnique","Nest Survey",,"Nest Survey","Nest Survey,,"
"faunaTechnique","Netting",,"Netting","Netting,,"
"faunaTechnique","None",,"None","None,,"
"faunaTechnique","Other",,"Other","Other,,"
"faunaTechnique","Point-Centred Sampling",,"Point-Centred Sampling","Point-centred Sampling,,"
"faunaTechnique","Radiotelemetry",,"Radiotelemetry","Radiotelemetry,,"
"faunaTechnique","Surber Sampling",,"Surber Sampling","Surber Sampling,,"
"faunaTechnique","Trapping Arrays",,"Trapping Arrays","Trapping Arrays,,"
"faunaTechnique","Visual Surveys",,"Visual Surveys","Visual Surveys,,"
"fileFormat","archive",,"Archive/Compressed File","Archive/Compressed File,,"
"fileFormat","audio",,"Audio","Audio,,"
"fileFormat","csv",,"CSV (Comma-Separated Values)","CSV (Comma-Separated Values),,"
"fileFormat","dbase",,"dBase","dBase,,"
"fileFormat","shape",,"ESRI Shapefile","ESRI Shapefile,,"
"fileFormat","filemakerpro",,"FileMaker Pro","FileMaker Pro,,"
"fileFormat","foxpro",,"FoxPro","FoxPro,,"
"fileFormat","h2",,"H2","H2,,"
"fileFormat","image",,"Image","Image,,"
"fileFormat","imbdb2",,"IMB DB2","IMB DB2,,"
"fileFormat","libreofficebase",,"LibreOffice Base","LibreOffice Base,,"
"fileFormat","access",,"Microsoft Access","Microsoft Access,,"
"fileFormat","excel",,"Microsoft Excel","Microsoft Excel,,"
"fileFormat","sqlServer",,"Microsoft SQL Server","Microsoft SQL Server,,"
"fileFormat","doc",,"Microsoft Word","Microsoft Word,,"
"fileFormat","mysql",,"MySQL","MySQL,,"
"fileFormat","oracle",,"Oracle","Oracle,,"
"fileFormat","other",,"Other","Other,,"
"fileFormat","otherdatabase",,"Other Database","Other Database,,"
"fileFormat","othergis",,"Other GIS","Other GIS,,"
"fileFormat","otherspreadsheet",,"Other Spreadsheet","Other Spreadsheet,,"
"fileFormat","othertext",,"Other Text","Other Text,,"
"fileFormat","pdf",,"PDF","PDF,,"
"fileFormat","postgres",,"PostgreSQL","PostgreSQL,,"
"fileFormat","sqlite",,"SQLite","SQLite,,"
"fileFormat","video",,"Video","Video,,"
"floraGroup","Algae",,"Algae","Algae,,"
"floraGroup","Cryptogams",,"Cryptogams","Cryptogams,,"
"floraGroup","Cycads",,"Cycads","Cycads,,"
"floraGroup","Forbs",,"Forbs","Forbs,,"
"floraGroup","Introduced Plants",,"Introduced Plants","Introduced Plants,,"
"floraGroup","Lichens",,"Lichens","Lichens,,"
"floraGroup","Monocots",,"Monocots","Monocots,,"
"floraGroup","Grasses","Monocots","Grasses","Grasses,,"
"floraGroup","Lillies","Monocots","Lillies","Lillies,,"
"floraGroup","Orchids","Monocots","Orchids","Orchids,,"
"floraGroup","Others ","Monocots","Others ","Others ,,"
"floraGroup","Reeds","Monocots","Reeds","Reeds,,"
"floraGroup","Rushes","Monocots","Rushes","Rushes,,"
"floraGroup","Sedges","Monocots","Sedges","Sedges,,"
"floraGroup","Vines ","Monocots","Vines ","Vines ,,"
"floraGroup","Mosses",,"Mosses","Mosses,,"
"floraGroup","Pest Plants",,"Pest Plants","Pest Plants,,"
"floraGroup","Shrubs",,"Shrubs","Shrubs,,"
"floraGroup","Medium 0.25m - 2m","Shrubs","Medium 0.25m - 2m","Medium 0.25m - 2m,,"
"floraGroup","Small <0.25m","Shrubs","Small <0.25m","Small <0.25m,,"
"floraGroup","Tall >2m","Shrubs","Tall >2m","Tall >2m,,"
"floraGroup","Trees",,"Trees","Trees,,"
"floraGroup","Conifers","Trees","Conifers","Conifers,,"
"floraGroup","Flowering Trees","Trees","Flowering Trees","Flowering Trees,,"
"floraGroup","Worts",,"Worts","Worts,,"
"floraTechnique","Braun-Blanquet/Revelee",,"Braun-Blanquet/Revelee","Braun-Blanquet/Revelee,,"
"floraTechnique","None",,"None","None,,"
"floraTechnique","Other",,"Other","Other,,"
"floraTechnique","Plot-less Sampling",,"Plot-Less Sampling","Plot-less Sampling,,"
"floraTechnique","Quadrat/Plot/Grid",,"Quadrat/Plot/Grid","Quadrat/Plot/Grid,,"
"licenseType","CC-BY 3.0 Australia",,"Creative Commons Attribution 3.0 Australia","This licence lets others distribute, remix, tweak, and build upon your work, even commercially, as long as they credit you for the original creation. This is the most accommodating of licenses offered. Recommended for maximum dissemination and use of licensed materials.,,"
"licenseType","TERN-BY 1.0",,"Tern Attribution (TERN-BY) Data Licence V1.0","This licence is based on the Creative Commons v3.0 standards but have been modified to protect those items of research data which may not be subject to copyright. The TERN Attribution Licence (TERN-BY) lets others distribute, remix, and build upon a work, even commercially, provided that they credit the original source and any other nominated parties.  Please refer to the TERN web site (http://tern.org.au/datalicence/TERN-BY/1.0/) for more information about the TERN-BY data license.,,"
"measurement","Derived",,"Derived ","Derived ,,"
"measurement","Derived - Binary Data ","Derived","Derived - Binary Data ","Binary Data  (1/0, Yes/No, True/False),,"
"measurement","Derived - Categorical Data ","Derived","Derived - Categorical Data ","Categorical Data  ( i.e., Classes such as the Braun-Blanquet cover abundance scale, blood type, age classes),,"
"measurement","Derived - Continuous Data ","Derived","Derived - Continuous Data ","Continuous Data (Numbers that are real with decimal values, e.g., temperature, height, weight),,"
"measurement","Derived - Count Data ","Derived","Derived - Count Data ","Count Data  (Positive numbers 1,2,3..),,"
"measurement","Derived - Ordinal Data ","Derived","Derived - Ordinal Data ","Ordinal Data  (Relative score used especially for ranking information),,"
"measurement","None",,"None","None,,"
"measurement","Other",,"Other","Other,,"
"measurement","Raw Observations",,"Raw Observations","Raw Observations,,"
"measurement","Raw Observations - Binary Data","Raw Observations","Raw Observations - Binary Data","Binary Data  (1/0, Yes/No, True/False),,"
"measurement","Raw Observations - Categorical Data","Raw Observations","Raw Observations - Categorical Data","Categorical Data  ( i.e., Classes such as the Braun-Blanquet cover abundance scale, blood type, age classes),,"
"measurement","Raw Observations - Continuous Data","Raw Observations","Raw Observations - Continuous Data","Continuous Data (numbers that are real with decimal values, e.g., temperature, height, weight),,"
"measurement","Raw Observations - Count Data","Raw Observations","Raw Observations - Count Data","Count Data  (Positive Numbers 1,2,3..),,"
"measurement","Raw Observations - Ordinal Data","Raw Observations","Raw Observations - Ordinal Data","Ordinal Data  (Relative score used especially for ranking information),,"
"measurementTheme","Abundance",,"Abundance","Abundance,,"
"measurementTheme","Biomass",,"Biomass","Biomass,,"
"measurementTheme","Density",,"Density","Density,,"
"measurementTheme","Dispersal",,"Dispersal","Dispersal,,"
"measurementTheme","(Dis)Similarity",,"(Dis)Similarity","(Dis)Similarity,,"
"measurementTheme","Diversity",,"Diversity","Diversity,,"
"measurementTheme","Dominance",,"Dominance","Dominance,,"
"measurementTheme","Ecophysiology",,"Ecophysiology","Ecophysiology,,"
"measurementTheme","Functional Connectivity",,"Functional Connectivity","Functional Connectivity,,"
"measurementTheme","Geographical Distribution",,"Geographical Distribution","Geographical Distribution,,"
"measurementTheme","Landscape Elements",,"Landscape Elements","Landscape Elements,,"
"measurementTheme","Location",,"Location","Location"
"measurementTheme","Microsatellite locus allele",,"Microsatellite locus allele","Microsatellite locus allele"
"measurementTheme","Morphology",,"Morphology","Morphology,,"
"measurementTheme","None",,"None","None,,"
"measurementTheme","Other",,"Other","Other,,"
"measurementTheme","Population Size",,"Population Size","Population Size,,"
"measurementTheme","Population Structure",,"Population Structure","Population Structure,,"
"measurementTheme","Presence",,"Presence","Presence"
"measurementTheme","Presence/Absence",,"Presence/Absence","Presence/Absence,,"
"measurementTheme","Richness",,"Richness","Richness,,"
"measurementTheme","Stream Elements",,"Stream Elements","Stream Elements,,"
"measurementTheme","Stream Processes",,"Stream Processes","Stream Processes,,"
"measurementTheme","Stream Structure",,"Stream Structure","Stream Structure,,"
"measurementTheme","Structural Connectivity",,"Structural Connectivity","Structural Connectivity,,"
"otherMaterials","Algorithms",,"Algorithms","Algorithms,,"
"otherMaterials","databaseManual",,"Database Manual","Database Manual,,"
"otherMaterials","databaseSchema",,"Database Schema","Database Schema,,"
"otherMaterials","derived Spatial Layers",,"Derived Spatial Layers","Derived Spatial Layers,,"
"otherMaterials","fieldManual",,"Field Manual","Field Manual,,"
"otherMaterials","mathematical Equations",,"Mathematical Equations","Mathematical Equations,,"
"otherMaterials","none",,"None","None,,"
"otherMaterials","other",,"Other","Other,,"
"otherMaterials","patent",,"Patent","Patent,,"
"otherMaterials","publishedPaper",,"Published Paper","Published Paper,,"
"otherMaterials","publishedReport",,"Published Report","Published Report,,"
"researchProgramme","",,,",,"
"researchProgramme","Future Farm Industries CRC Ltd",,"Future Farm Industries CRC Ltd","Future Farm Industries CRC Ltd"
"researchProgramme","TERN Eco-informatics",,"TERN Eco-informatics","TERN Eco-informatics"
"resourceIdentifierType","ark",,"Ark Persistent Identifier Scheme","Ark Persistent Identifier Scheme,,"
"resourceIdentifierType","arc",,"Australian Research Council Identifier","Australian Research Council Identifier,,"
"resourceIdentifierType","doi",,"DOI","DOI,,"
"resourceIdentifierType","AU-ANL:PEAU",,"National Library Of Australia Identifier","National Library Of Australia Identifier,,"
"resourceIdentifierType","None",,"None","None,,"
"rifcsIdentifierType","doi",,"Digital Object Identifier","Digital Object Identifier,,"
"rifcsIdentifierType","handle",,"Handle System Identifier","Handle System Identifier,,"
"rifcsIdentifierType","infouri",,"'Info' Uri Scheme","'Info' Uri Scheme,,"
"rifcsIdentifierType","isil",,"International Standard Identifier For Libraries","International Standard Identifier For Libraries,,"
"rifcsIdentifierType","isbn",,"ISBN","ISBN,,"
"rifcsIdentifierType","none",,"None","None,,"
"rifcsIdentifierType","other",,"Other","Other,,"
"rifcsIdentifierType","purl",,"Persistent Uniform Resource Locator","Persistent Uniform Resource Locator,,"
"rifcsIdentifierType","uri",,"Uniform Resource Identifier","Uniform Resource Identifier,,"
"rifcsIdentifierType","local",,"Unique Identifier Within A Local Context","Unique Identifier Within A Local Context,,"
"rifcsIdentifierType","url",,"URL","URL,,"
"samplingDesign","Before-After, Control Impact (BACI)",,"Before-After, Control Impact (BACI)","Before-After, Control Impact (BACI),,"
"samplingDesign","Common garden experiment",,"Common garden experiment","Common garden experiment"
"samplingDesign","Completely Randomised",,"Completely Randomised","Completely Randomised,,"
"samplingDesign","Factorial Designs",,"Factorial Designs","Factorial Designs,,"
"samplingDesign","Gradient Designs",,"Gradient Designs","Gradient Designs,,"
"samplingDesign","None",,"None","None,,"
"samplingDesign","Opportunistic Sampling",,"Opportunistic Sampling","Opportunistic Sampling,,"
"samplingDesign","Other",,"Other","Other,,"
"samplingDesign","Power Analyses",,"Power Analyses","Power Analyses,,"
"samplingDesign","Randomised Complete Block",,"Randomised Complete Block","Randomised Complete Block,,"
"samplingDesign","Randomised Line Transect",,"Randomised Line Transect","Randomised Line Transect"
"samplingDesign","Repeated Measures",,"Repeated Measures","Repeated Measures,,"
"samplingDesign","Self-selected (Landscape Scale) Sampling",,"Self-selected (Landscape Scale) Sampling","Self-selected (Landscape Scale) Sampling,,"
"samplingDesign","Systematic Sampling",,"Systematic Sampling","Systematic Sampling,,"
"spatialScale","Biome",,"Biome","Biome,,"
"spatialScale","Continental",,"Continental","Continental,,"
"spatialScale","Global",,"Global","Global,,"
"spatialScale","IBRA",,"IBRA","IBRA,,"
"spatialScale","Landscape",,"Landscape","Landscape,,"
"spatialScale","Local",,"Local","Local,,"
"spatialScale","Regional",,"Regional","Regional,,"
"spatialScale","Sub-IBRA",,"Sub-IBRA","Sub-IBRA,,"
"threatsPressures","Agrochemicals",,"Agrochemicals","Agrochemicals,,"
"threatsPressures","Altered Water Flows",,"Altered Water Flows","Altered Water Flows,,"
"threatsPressures","Changed Hydrology",,"Changed Hydrology","Changed hydrology,,"
"threatsPressures","Climate Change",,"Climate Change","Climate Change,,"
"threatsPressures","Exotic Animal Species",,"Exotic Animal Species","Exotic Animal Species,,"
"threatsPressures","Exotic Plant Species",,"Exotic Plant Species","Exotic Plant Species,,"
"threatsPressures","Fire Regimes",,"Fire Regimes","Fire Regimes,,"
"threatsPressures","Habitat Fragmentation",,"Habitat Fragmentation","Habitat Fragmentation,,"
"threatsPressures","Interacting Pressures",,"Interacting Pressures","Interacting Pressures,,"
"threatsPressures","Invasive Animal Species",,"Invasive Animal Species","Invasive Animal Species,,"
"threatsPressures","Invasive Plant Species",,"Invasive Plant Species","Invasive Plant Species,,"
"threatsPressures","Natural Resource Use",,"Natural Resource Use","Natural Resource Use,,"
"threatsPressures","None",,"None","None,,"
"threatsPressures","Other",,"Other","Other,,"
"threatsPressures","Pollution",,"Pollution","Pollution,,"
"threatsPressures","Salinity",,"Salinity","Salinity,,"
"threatsPressures","Soil Erosion",,"Soil Erosion","Soil Erosion,,"
"threatsPressures","Water Extraction",,"Water Extraction","Water extraction,,"
"title","Assoc Prof",,"Assoc Prof","Assoc Prof,,"
"title","Dr",,"Dr","Dr,,"
"title","Miss",,"Miss","Miss,,"
"title","Mr",,"Mr","Mr,,"
"title","Mrs",,"Mrs","Mrs,,"
"title","Ms",,"Ms","Ms,,"
"title","Prof",,"Prof","Prof,,"
